PRIMARY_KEY,NAME,DESCRIPTION,UPDATED_TIMESTAMP
Duobam,Swainson's francolin,Western pygmy possum,2018-06-21T12:23:39.000
Span,Crested screamer,Bird (unidentified),2018-02-05T07:42:14.000
Prodder,"Macaque, bonnet","Hawk, ferruginous",2017-11-29T23:10:20.000
Temp,Cape Barren goose,"Squirrel, smith's bush",2019-01-29T03:14:15.000
Cookley,Magistrate black colobus,Barasingha deer,2018-08-04T02:15:41.000
Tresom,Frog (unidentified),"Gull, swallow-tail",2018-09-08T00:34:53.000
Voltsillam,Praying mantis (unidentified),"Goose, spur-winged",2018-12-08T21:11:13.000
Alphazap,Common zorro,"Hyena, brown",2019-02-24T03:42:09.000
Voyatouch,"Sloth, two-toed tree",Sidewinder,2018-07-25T10:34:57.000
Ventosanzap,"Monkey, red howler",Indian porcupine,2018-10-11T18:48:29.000
Zamit,South American sea lion,"Leopard, indian",2018-04-17T08:43:21.000
Overhold,"Genet, common",Giant armadillo,2018-08-18T04:00:58.000
Job,"Plover, three-banded",Southern lapwing,2018-07-08T14:29:57.000
Flexidy,Savanna baboon,"Crow, american",2019-02-16T09:44:41.000
Holdlamis,Flightless cormorant,"Lion, steller sea",2018-03-01T05:42:46.000
Greenlam,Crown of thorns starfish,Common grenadier,2018-09-30T13:10:38.000
Greenlam,"Kangaroo, eastern grey","Lion, southern sea",2018-08-22T10:13:01.000
Tres-Zap,Chuckwalla,Nilgai,2018-05-06T01:47:21.000
Fintone,Downy woodpecker,"Kudu, greater",2018-06-18T05:01:10.000
Regrant,Mule deer,Gaur,2018-03-04T14:58:31.000
Solarbreeze,"Crane, black-crowned",House sparrow,2018-04-10T22:23:10.000
Mat Lam Tam,"Cat, african wild",Killer whale,2018-12-03T16:49:22.000
Tin,South African hedgehog,"Oryx, fringe-eared",2018-08-10T22:45:53.000
Kanlam,Vine snake (unidentified),"Penguin, little blue",2018-11-07T19:16:14.000
Tres-Zap,White-winged dove,"Hawk, red-tailed",2018-03-06T08:19:48.000
Treeflex,"Lizard, goanna",Asian water dragon,2018-02-27T17:44:24.000
Stronghold,Crab (unidentified),Green-winged macaw,2019-03-02T21:51:23.000
Y-Solowarm,Javanese cormorant,Golden eagle,2018-07-21T09:42:24.000
Solarbreeze,Two-toed sloth,"Legaan, water",2017-11-03T16:45:13.000
Bitchip,"Raven, white-necked",Spur-winged goose,2019-03-11T13:29:04.000
Hatity,Raccoon dog,California sea lion,2018-05-10T14:04:44.000
Opela,Brown lemur,Asian false vampire bat,2018-10-23T11:40:36.000
Cardify,"Langur, common","Cliffchat, mocking",2018-09-09T02:47:54.000
It,Scarlet macaw,Black vulture,2018-01-31T08:39:21.000
Ventosanzap,Curve-billed thrasher,Eagle owl (unidentified),2018-05-29T22:33:50.000
Greenlam,"Cat, native","Nutcracker, clark's",2018-02-24T14:07:05.000
Treeflex,Yellow-throated sandgrouse,"Weaver, lesser masked",2019-03-11T02:05:10.000
Subin,Blue-tongued skink,Mexican boa,2018-12-04T15:00:08.000
Overhold,Sambar,Australian brush turkey,2018-04-10T14:39:25.000
Namfix,Short-nosed bandicoot,Southern elephant seal,2018-02-26T16:18:28.000
Domainer,"Lemming, arctic",Asiatic wild ass,2018-12-17T09:20:04.000
Vagram,"Badger, american",Western bearded dragon,2018-03-30T17:17:54.000
Kanlam,Killer whale,"Macaque, bonnet",2018-04-19T22:50:34.000
Cookley,Monitor lizard (unidentified),Herring gull,2018-01-07T14:50:22.000
Transcof,Kori bustard,Common duiker,2019-01-12T11:43:13.000
Sonsing,Galapagos penguin,"Bear, american black",2017-11-14T07:38:31.000
Stim,Greylag goose,"Booby, blue-faced",2019-03-06T12:37:05.000
Overhold,Western pygmy possum,Knob-nosed goose,2018-03-01T06:45:44.000
Hatity,"Hartebeest, coke's","Elephant, asian",2018-08-21T19:30:32.000
Job,Gray duiker,Blue crane,2017-11-09T13:28:59.000
Biodex,Brown pelican,"Cat, tiger",2018-05-16T01:57:28.000
Domainer,White-lipped peccary,"Macaque, japanese",2019-03-12T07:24:27.000
Tres-Zap,"Snake, tiger",Red squirrel,2018-02-16T05:02:25.000
Pannier,Springbuck,"Starling, cape",2018-07-25T13:58:40.000
Duobam,Red-necked phalarope,Galapagos albatross,2018-01-04T03:35:42.000
Bamity,"Macaw, blue and yellow",Red-capped cardinal,2019-02-08T05:58:52.000
Tempsoft,Greater kudu,"Cockatoo, red-breasted",2018-05-11T14:45:37.000
Voltsillam,White-winged black tern,Pied butcher bird,2017-10-31T21:33:01.000
Lotlux,Indian star tortoise,Tropical buckeye butterfly,2019-02-21T01:35:02.000
Flowdesk,African wild dog,"Weaver, red-billed buffalo",2018-10-09T01:54:11.000
Daltfresh,Dusky rattlesnake,"Sandgrouse, yellow-throated",2018-09-23T09:44:14.000
Flowdesk,Turkey vulture,"Dragon, ornate rock",2017-10-29T01:13:00.000
Kanlam,Kori bustard,Red-breasted cockatoo,2018-11-09T17:12:49.000
Tres-Zap,"Toucan, white-throated","Jaeger, long-tailed",2018-10-17T19:42:56.000
Konklab,Black-eyed bulbul,Malachite kingfisher,2018-02-24T11:55:23.000
Treeflex,"Dove, laughing",Lava gull,2018-07-24T21:45:24.000
Redhold,Wattled crane,Llama,2018-07-01T23:57:04.000
Duobam,"Civet, common palm",Cattle egret,2017-12-07T20:53:29.000
Home Ing,Red-shouldered glossy starling,"Mongoose, banded",2018-05-10T17:28:50.000
Zamit,"Finch, common melba",South American puma,2017-11-09T22:56:55.000
Quo Lux,"Raccoon, common",Tayra,2018-12-12T10:15:12.000
Tampflex,"Goose, cereopsis",Puna ibis,2017-10-06T12:26:29.000
Zamit,"Dog, raccoon",Southern black-backed gull,2018-08-30T21:10:58.000
Temp,Emerald-spotted wood dove,Caracara (unidentified),2018-11-02T10:36:40.000
Subin,Ground monitor (unidentified),Blue and yellow macaw,2018-11-03T09:31:58.000
Cookley,North American porcupine,Bird (unidentified),2017-12-28T20:17:46.000
Zoolab,"Armadillo, common long-nosed","Buffalo, american",2018-09-23T06:20:33.000
Trippledex,Eastern grey kangaroo,"Tamandua, southern",2018-02-05T12:02:41.000
Tresom,Bald eagle,Australian magpie,2018-02-25T03:27:55.000
Mat Lam Tam,"Otter, north american river","Wombat, common",2017-10-24T23:10:38.000
Cardguard,"Vulture, oriental white-backed",Red-billed toucan,2018-11-03T02:40:01.000
Temp,Golden-mantled ground squirrel,South American meadowlark (unidentified),2017-10-23T22:13:32.000
Toughjoyfax,Galapagos tortoise,Nubian bee-eater,2018-09-14T07:32:06.000
Stronghold,"Dove, galapagos",Black rhinoceros,2019-02-17T12:59:47.000
Cookley,Grizzly bear,"Albatross, galapagos",2018-04-22T08:58:04.000
Otcom,"Oryx, fringe-eared","Hornbill, red-billed",2018-03-11T04:17:48.000
Bytecard,Red and blue macaw,"Curlew, black",2018-09-30T14:49:27.000
Job,"Wallaby, dama",Adouri (unidentified),2018-04-22T05:32:09.000
Konklab,"Cow, scottish highland","Langur, common",2017-11-11T10:20:37.000
Y-Solowarm,"Possum, golden brush-tailed",Dassie,2018-01-07T12:02:11.000
Veribet,Jabiru stork,"Raven, cape",2017-11-01T09:45:34.000
Transcof,Great kiskadee,South American meadowlark (unidentified),2019-03-15T05:50:41.000
Temp,Cheetah,"Butterfly, canadian tiger swallowtail",2017-11-22T22:50:10.000
Flowdesk,"Phalarope, grey",Grison,2018-10-22T05:54:02.000
Cardify,Weeper capuchin,Hoffman's sloth,2018-08-10T09:30:21.000
Tempsoft,White stork,"Woodpecker, red-headed",2018-07-14T09:27:45.000
Tres-Zap,Blue-footed booby,Civet cat,2018-10-30T09:38:46.000
Fix San,Dusky gull,Currasow (unidentified),2018-05-11T18:00:52.000
Latlux,African wild dog,White-fronted bee-eater,2018-04-24T14:22:22.000
Pannier,Snow goose,Egyptian cobra,2018-12-21T12:52:28.000
Fix San,Tawny eagle,Mexican boa,2017-12-13T02:25:00.000
Zaam-Dox,Carpet snake,Potoroo,2018-04-15T20:51:32.000
Bamity,White-throated robin,Common shelduck,2019-03-23T20:20:34.000
Temp,Common mynah,"Crane, brolga",2019-03-12T20:11:44.000
Fintone,Blue catfish,Common nighthawk,2017-10-19T14:00:08.000
Tin,Great skua,"Ibis, sacred",2018-06-23T10:45:50.000
Pannier,Cook's tree boa,"Booby, blue-footed",2018-05-26T03:12:29.000
Stringtough,Pied crow,Grey fox,2018-07-07T00:47:13.000
Aerified,"Spider, wolf","Phascogale, brush-tailed",2018-11-16T23:02:15.000
Zathin,"Sparrow, house",Chimpanzee,2018-07-12T19:14:11.000
Daltfresh,"Booby, blue-footed","Eagle, bald",2018-02-20T08:09:27.000
Daltfresh,"Waxbill, black-cheeked",Black vulture,2018-06-12T16:42:56.000
Fintone,Nelson ground squirrel,"Civet, small-toothed palm",2019-03-05T06:36:05.000
Solarbreeze,Openbill stork,"Kudu, greater",2018-03-04T00:31:26.000
Temp,"Marten, american","Teal, hottentot",2018-02-21T21:30:47.000
Cookley,Hoary marmot,Common melba finch,2017-11-02T22:24:32.000
Alphazap,Arctic lemming,Puma,2018-11-30T02:08:37.000
Subin,Prehensile-tailed porcupine,Turkey vulture,2018-01-17T21:05:21.000
Lotstring,Tropical buckeye butterfly,"Tern, royal",2018-10-19T12:26:50.000
Ventosanzap,Paca,Asian openbill,2018-02-02T20:24:38.000
Biodex,"Dove, emerald-spotted wood",Gecko (unidentified),2019-01-21T03:16:27.000
Flexidy,Dama wallaby,Collared peccary,2018-01-19T20:09:57.000
Transcof,"Teal, hottentot",Silver gull,2018-08-11T07:53:42.000
Lotstring,"Phalarope, northern","Bison, american",2018-09-21T13:32:43.000
Fixflex,"Lion, southern sea","Corella, long-billed",2017-11-13T04:01:42.000
Tresom,Openbill stork,"Deer, spotted",2018-08-11T04:37:56.000
Flexidy,Pacific gull,Radiated tortoise,2018-04-20T14:10:56.000
Stim,"Squirrel, nelson ground",Comb duck,2018-08-22T22:35:52.000
Bitwolf,Bush dog,Tiger cat,2018-06-11T04:05:55.000
Overhold,"Dove, rock","Flamingo, lesser",2018-08-09T02:29:51.000
Holdlamis,"Vulture, white-rumped",Onager,2018-11-06T14:56:11.000
Ventosanzap,Marabou stork,Common pheasant,2018-11-24T01:28:27.000
Alphazap,Golden jackal,"Bulbul, black-fronted",2018-03-27T22:40:29.000
Quo Lux,Common dolphin,"Macaw, blue and yellow",2018-01-10T16:08:24.000
Asoka,"Drongo, fork-tailed","Pintail, bahama",2018-04-19T05:00:58.000
Gembucket,Nubian bee-eater,"Gull, pacific",2018-12-17T18:59:30.000
Wrapsafe,Brown and yellow marshbird,"Sunbird, lesser double-collared",2018-08-10T13:40:24.000
Zamit,Least chipmunk,Great horned owl,2018-12-18T15:37:19.000
Zamit,Eastern white pelican,"Possum, pygmy",2017-10-27T18:30:15.000
Stronghold,Spotted hyena,"Wapiti, elk,",2018-08-05T05:11:45.000
Latlux,Brown lemur,Pampa gray fox,2017-12-21T06:36:52.000
Job,Giant heron,Red-breasted nuthatch,2018-05-21T13:59:47.000
Pannier,"Rabbit, eastern cottontail",White-headed vulture,2018-08-26T18:52:35.000
Stronghold,"Stork, woolly-necked","Tortoise, burmese brown mountain",2018-04-06T20:53:49.000
Toughjoyfax,Little brown bat,Laughing dove,2018-12-22T02:56:33.000
Overhold,"Pigeon, feral rock",American black bear,2018-05-21T23:45:58.000
Veribet,"Swan, black",Kongoni,2018-02-11T16:45:30.000
Prodder,Timber wolf,"Squirrel, golden-mantled ground",2017-10-30T16:49:51.000
Matsoft,"Thrasher, curve-billed",Southern tamandua,2018-03-18T15:20:15.000
Asoka,Tawny frogmouth,Greater kudu,2018-10-08T21:16:30.000
Cardguard,"Deer, black-tailed",Painted stork,2019-03-23T11:31:33.000
Voyatouch,Ferruginous hawk,"Kite, black",2019-02-24T00:20:35.000
Tampflex,"Drongo, fork-tailed",Greater blue-eared starling,2018-10-06T12:58:30.000
Tres-Zap,"Squirrel, nelson ground",Green-winged macaw,2018-01-28T19:54:42.000
Ventosanzap,Common nighthawk,Agouti,2018-02-16T12:51:00.000
Zontrax,"Baboon, yellow",Carmine bee-eater,2018-05-09T15:12:10.000
Stronghold,"Seal, northern fur",Giant girdled lizard,2019-02-07T12:33:37.000
Sub-Ex,Brindled gnu,"Bustard, denham's",2018-05-25T03:24:08.000
Ronstring,"Seal, northern elephant","Stork, european",2018-02-13T11:05:56.000
Tempsoft,Gambel's quail,"Capuchin, black-capped",2019-03-06T08:39:30.000
Wrapsafe,"Heron, striated",Verreaux's sifaka,2017-12-26T23:10:43.000
Toughjoyfax,"Lemming, arctic",American beaver,2018-01-02T18:36:26.000
Cardguard,Coke's hartebeest,Kafue flats lechwe,2019-03-09T21:11:47.000
Keylex,"Rhea, gray",White-necked stork,2018-12-12T20:48:36.000
Subin,"Anteater, giant",Two-toed sloth,2018-12-27T15:31:36.000
Bitwolf,"Flamingo, chilean","Glider, sugar",2018-11-02T01:06:51.000
Konklux,"Macaw, green-winged",Burmese black mountain tortoise,2018-02-23T06:06:18.000
Bitwolf,Oriental short-clawed otter,American racer,2018-12-27T04:45:41.000
Alphazap,Mississippi alligator,"Frogmouth, tawny",2018-03-21T23:40:11.000
Pannier,"Vulture, white-headed",Small-clawed otter,2018-01-11T09:04:32.000
Vagram,Capybara,"Marmot, hoary",2018-05-01T07:36:57.000
Span,"Deer, red",Snowy sheathbill,2018-08-29T00:25:08.000
Alphazap,"Legaan, Monitor (unidentified)",Lava gull,2018-09-05T04:33:49.000
Stim,Polar bear,"Peccary, collared",2018-06-14T16:09:37.000
Home Ing,"Deer, black-tailed","Heron, green-backed",2017-12-02T08:17:46.000
Ronstring,"Hyena, striped","Otter, african clawless",2018-06-04T04:42:17.000
Solarbreeze,"Quoll, spotted-tailed","Woodpecker, downy",2018-10-24T21:52:32.000
Zathin,"Gull, southern black-backed",Grey mouse lemur,2017-11-04T19:51:31.000
Sub-Ex,"Eland, common",Striped hyena,2018-06-28T04:57:17.000
Sub-Ex,"Eagle, bald",North American river otter,2019-02-01T06:18:20.000
Bytecard,Northern phalarope,"Eagle, tawny",2018-01-08T03:14:35.000
Ventosanzap,White-lipped peccary,Australian magpie,2018-07-19T23:38:01.000
Ronstring,California sea lion,Little heron,2018-03-03T22:53:49.000
Lotstring,Eurasian hoopoe,Campo flicker,2018-12-26T08:44:54.000
Gembucket,Trumpeter swan,"Starling, greater blue-eared",2018-06-28T14:42:56.000
Gembucket,"Squirrel, red","Tortoise, burmese black mountain",2018-09-25T19:25:55.000
Trippledex,"Magpie, australian",African buffalo,2018-06-16T15:04:58.000
Bamity,Mouflon,"Eagle, golden",2018-04-15T11:33:36.000
Sonair,Rufous tree pie,"Pintail, bahama",2017-11-29T02:05:29.000
Subin,Helmeted guinea fowl,Yellow-bellied marmot,2018-12-11T06:57:57.000
Bitwolf,"Ringtail, common","Albatross, galapagos",2018-10-15T10:34:00.000
Tin,Black-fronted bulbul,"Sloth, two-toed tree",2018-03-08T01:07:11.000
Duobam,"Falcon, peregrine",Eleven-banded armadillo (unidentified),2017-11-09T00:10:19.000
Pannier,Madagascar fruit bat,Asian lion,2018-01-21T16:49:30.000
Trippledex,"Rattlesnake, eastern diamondback","Chickadee, black-capped",2018-03-26T16:10:03.000
Bitchip,"Snake, western patch-nosed","Robin, kalahari scrub",2017-10-25T22:52:37.000
Bitchip,"Booby, blue-footed",Blackbuck,2019-03-22T09:55:54.000
Otcom,"Pheasant, common",Hummingbird (unidentified),2018-03-23T21:17:57.000
Bitwolf,"Lion, california sea",White-faced whistling duck,2018-05-26T13:01:23.000
Latlux,"Crow, pied",Cormorant (unidentified),2018-11-23T06:00:25.000
Gembucket,Silver gull,"Buffalo, american",2018-07-02T12:42:55.000
Latlux,Asian openbill,"Crow, american",2019-02-06T05:31:30.000
Job,Impala,Yellow mongoose,2018-09-17T04:43:06.000
Daltfresh,"Hyena, brown",Eastern fox squirrel,2018-12-16T02:12:12.000
Stringtough,Oribi,Lesser double-collared sunbird,2018-06-18T18:34:55.000
Voyatouch,"Lizard, mexican beaded",Tawny frogmouth,2018-12-12T18:02:31.000
Rank,Barrows goldeneye,"Booby, blue-footed",2018-05-09T11:48:02.000
Stim,Bleeding heart monkey,Baleen whale,2017-11-10T03:39:15.000
Tin,Long-nosed bandicoot,Lesser flamingo,2018-06-10T19:36:27.000
Regrant,Ring-tailed coatimundi,Bat-eared fox,2019-02-14T19:43:24.000
Kanlam,"Hedgehog, south african",Pacific gull,2018-04-18T02:40:46.000
Overhold,"Swan, black","Skink, african",2018-11-10T18:29:12.000
Konklab,"Snake, carpet",Grey fox,2017-10-30T03:48:29.000
Bigtax,"Bear, grizzly",Bottle-nose dolphin,2017-10-28T10:58:57.000
Cookley,White stork,"Monster, gila",2019-03-14T06:35:22.000
Tin,Cobra (unidentified),Tayra,2018-02-13T11:07:43.000
Otcom,Huron,"Crow, american",2019-01-19T15:35:51.000
Mat Lam Tam,Common ringtail,"Turtle, long-necked",2019-02-22T05:58:14.000
Cardguard,"Cat, miner's",Coyote,2019-01-16T13:24:24.000
Bitwolf,"Lion, steller's sea","Boa, emerald green tree",2018-02-08T18:02:40.000
Trippledex,"Magpie, black-backed","Monitor, white-throated",2018-08-23T01:57:51.000
Sonair,Barking gecko,Asian water buffalo,2018-01-12T01:34:05.000
Overhold,Baleen whale,White-browed owl,2017-11-24T18:42:29.000
Bitwolf,"Monkey, bleeding heart","Squirrel, malabar",2018-04-04T06:17:55.000
Alpha,"Flamingo, greater","Wapiti, elk,",2018-12-18T06:42:19.000
Cardify,"Hawk-eagle, crowned","Squirrel, indian giant",2018-10-05T07:49:25.000
Zaam-Dox,Green vine snake,Asian openbill,2018-11-28T19:38:59.000
Redhold,"Pelican, eastern white",European stork,2017-11-06T01:50:26.000
Ventosanzap,"Bird, black-throated butcher",Eurasian hoopoe,2018-08-01T06:53:35.000
Aerified,Harbor seal,"Cormorant, king",2018-02-26T07:47:15.000
Domainer,Savanna baboon,"Lorikeet, scaly-breasted",2018-11-29T06:13:09.000
Treeflex,Blue-tongued lizard,Pine siskin,2017-10-22T15:09:42.000
Bitwolf,"Possum, common brushtail","Whale, southern right",2018-08-20T01:56:01.000
Home Ing,African jacana,White-browed owl,2018-02-23T19:07:00.000
Lotlux,Indian leopard,Greater adjutant stork,2018-05-26T09:03:02.000
Gembucket,Dromedary camel,"Buffalo, african",2018-03-20T01:20:00.000
Opela,Coqui francolin,"Flamingo, greater",2018-08-18T17:29:17.000
Job,Mouflon,Hottentot teal,2017-11-07T03:16:17.000
Lotstring,"Vulture, griffon","Hen, sage",2017-12-16T02:41:40.000
Toughjoyfax,"Meerkat, red",Collared lizard,2018-10-24T17:42:56.000
Gembucket,Griffon vulture,"Seal, common",2018-01-30T06:18:56.000
Konklux,"Goose, greylag","Squirrel, malabar",2019-01-16T07:19:48.000
Keylex,Rufous tree pie,"Teal, hottentot",2017-11-10T22:19:51.000
Hatity,Amazon parrot (unidentified),Collared lemming,2018-10-21T08:19:07.000
Bigtax,South American puma,American alligator,2018-08-25T02:08:43.000
Sonair,Black swan,Jaguar,2017-10-30T12:13:18.000
Aerified,"Anteater, australian spiny","Gull, swallow-tail",2019-02-17T09:57:43.000
Hatity,"Bustard, denham's","Grebe, little",2018-04-10T03:16:29.000
Bitchip,"Bustard, stanley",Gerbil (unidentified),2018-06-29T14:32:38.000
Biodex,"Antelope, four-horned","Pie, indian tree",2019-03-15T14:53:40.000
Gembucket,Verreaux's sifaka,American marten,2019-02-17T01:04:09.000
It,Lappet-faced vulture,Python (unidentified),2019-01-03T19:25:10.000
Konklux,Red lava crab,"Fox, bat-eared",2019-02-24T04:09:10.000
Transcof,"Dove, galapagos","Otter, small-clawed",2018-11-14T21:40:50.000
Vagram,"Phalarope, northern","Skua, long-tailed",2018-11-11T10:57:52.000
Regrant,"Otter, cape clawless",Snowy sheathbill,2018-07-25T21:51:00.000
Zoolab,Horned rattlesnake,Eurasian badger,2018-02-16T22:39:16.000
Alphazap,Magellanic penguin,"Rhinoceros, white",2018-10-08T06:35:13.000
Bitchip,"Otter, cape clawless","Waxbill, blue",2018-09-13T05:29:01.000
Cardify,Yellow baboon,"Gull, herring",2018-12-17T07:03:43.000
Zoolab,"Baboon, olive",Burchell's gonolek,2018-02-24T04:08:12.000
Latlux,Land iguana,Common seal,2018-11-10T20:13:29.000
Duobam,Tammar wallaby,Native cat,2018-05-09T23:38:35.000
Overhold,Golden brush-tailed possum,Horned puffin,2018-10-05T15:20:15.000
Zontrax,Bat-eared fox,"Flycatcher, tyrant",2018-01-04T20:46:03.000
Biodex,Prairie falcon,House crow,2018-04-24T02:38:47.000
Regrant,"Bee-eater, carmine",Greater roadrunner,2018-01-06T11:17:13.000
Sonsing,Painted stork,"Zorro, azara's",2018-10-07T18:00:46.000
Cookley,Snow goose,"Woodpecker, red-headed",2018-06-04T09:03:54.000
Tresom,Spotted wood sandpiper,"Antelope, sable",2019-03-23T19:29:11.000
Flexidy,Greylag goose,"Parakeet, rose-ringed",2018-02-09T15:06:07.000
Solarbreeze,"Rattlesnake, dusky",Black-tailed deer,2018-11-15T17:07:00.000
Zathin,"Macaw, red and blue","Deer, savannah",2018-02-10T08:48:55.000
Domainer,Brown antechinus,"Sloth, hoffman's",2018-04-15T17:48:47.000
Sonsing,"Eagle, bateleur",Raccoon dog,2018-09-16T05:20:19.000
Bytecard,"Cat, toddy",Common zorro,2018-04-05T19:32:08.000
Ronstring,"Kangaroo, brush-tailed rat",Cobra (unidentified),2018-06-14T11:37:40.000
Greenlam,"Otter, cape clawless","Gecko, bent-toed",2018-07-13T23:41:47.000
Fix San,Brown antechinus,Python (unidentified),2018-04-12T23:30:28.000
Subin,Gila monster,"Fox, savanna",2018-04-19T21:50:52.000
Wrapsafe,"Bear, sloth",North American beaver,2018-06-27T23:20:02.000
Tampflex,"Otter, north american river","Squirrel, golden-mantled ground",2018-03-18T11:44:01.000
Sonair,"Starling, red-shouldered glossy",African pied wagtail,2018-06-06T09:20:08.000
Wrapsafe,"Fox, arctic",Rhesus macaque,2018-11-23T02:54:40.000
Tin,"Otter, cape clawless",Lilac-breasted roller,2018-07-08T18:12:39.000
Pannier,Short-beaked echidna,"Wallaby, whip-tailed",2017-10-07T19:22:08.000
Transcof,"Glider, sugar",Black rhinoceros,2019-02-15T00:20:09.000
Vagram,Plains zebra,Capybara,2018-07-14T17:54:08.000
Matsoft,Jungle cat,"Rat, arboral spiny",2018-08-19T03:49:18.000
Zaam-Dox,"Insect, stick",Sea birds (unidentified),2017-11-14T19:14:16.000
Matsoft,Desert tortoise,Arctic lemming,2019-03-23T15:14:43.000
Redhold,Brush-tailed rat kangaroo,Rainbow lory,2019-02-03T02:05:25.000
Konklab,Chuckwalla,"Weaver, lesser masked",2018-06-03T20:25:58.000
Kanlam,"Shrike, southern white-crowned",Impala,2018-10-26T00:06:44.000
Tres-Zap,Collared lizard,Clark's nutcracker,2018-10-07T05:47:55.000
Zoolab,Pine snake (unidentified),"Antechinus, brown",2018-06-27T04:04:42.000
Tampflex,"Spoonbill, european",North American red fox,2018-06-08T22:26:37.000
Bigtax,"Monkey, vervet",Seven-banded armadillo,2018-04-15T13:20:53.000
Treeflex,Downy woodpecker,"Owl, australian masked",2017-11-05T06:24:23.000
Stringtough,"Cobra, egyptian","Kangaroo, black-faced",2017-11-19T15:26:28.000
Quo Lux,Rainbow lory,Black-crowned crane,2018-06-25T09:05:37.000
Gembucket,Huron,"Woodcock, american",2018-01-27T19:00:43.000
Viva,"Turtle, long-necked",Black kite,2017-11-03T21:26:35.000
Andalax,Savannah deer (unidentified),Old world fruit bat (unidentified),2018-03-10T23:25:11.000
Daltfresh,"Booby, masked",Tiger,2018-03-10T05:31:48.000
Greenlam,Blue duck,"Wallaby, tammar",2017-11-16T06:35:05.000
Bytecard,"Bustard, stanley",Prehensile-tailed porcupine,2018-11-30T00:49:48.000
Opela,Desert spiny lizard,Tokay gecko,2018-02-05T11:22:27.000
Overhold,Brown brocket,"Cockatoo, slender-billed",2018-11-02T18:23:29.000
Ventosanzap,Eastern fox squirrel,"Fox, asian red",2018-11-18T14:51:08.000
Keylex,Greater rhea,Springhare,2019-03-14T02:24:04.000
Subin,"Possum, golden brush-tailed",Wolf spider,2018-04-21T23:47:22.000
Alphazap,"White-eye, pale","Buffalo, american",2017-11-16T17:45:22.000
Regrant,"Rhea, common",Blacksmith plover,2018-09-11T20:21:23.000
Lotstring,"Cat, ringtail",Kalahari scrub robin,2017-11-10T08:51:41.000
Flexidy,"Squirrel, african bush",Squirrel glider,2018-07-14T07:20:37.000
Treeflex,"Cockatoo, sulfur-crested","Dragon, frilled",2019-01-26T01:59:28.000
Domainer,"Tern, arctic",Hyrax,2018-09-20T19:04:39.000
Sonair,"Wallaby, bennett's","Rhea, gray",2018-06-01T09:19:11.000
Bitchip,Common long-nosed armadillo,"Wildebeest, blue",2018-03-05T06:58:19.000
Gembucket,"Weaver, sociable","Otter, oriental short-clawed",2018-04-17T07:48:52.000
Cardify,"Lizard, desert spiny",Gelada baboon,2019-02-16T19:05:16.000
Bamity,"Tortoise, asian foreset",Ground legaan,2018-08-20T00:08:16.000
Home Ing,"Beaver, north american",Black-footed ferret,2019-02-03T10:39:18.000
Lotstring,"Moccasin, water",Kirk's dik dik,2018-12-30T08:46:43.000
Bitwolf,"Owl, madagascar hawk",Southern tamandua,2018-11-03T12:12:31.000
Tresom,"Possum, pygmy","Owl, white-browed",2018-12-02T14:50:58.000
Alphazap,Meerkat,"Crab, red lava",2018-12-18T10:32:55.000
Alpha,Asian red fox,Frilled lizard,2018-03-31T10:00:27.000
Bigtax,"Turtle, long-necked",Coyote,2018-01-03T14:47:58.000
Prodder,Grey heron,"Otter, cape clawless",2017-10-19T09:14:33.000
Toughjoyfax,"Gull, lava","Heron, giant",2018-08-22T22:08:46.000
Ronstring,"Sandgrouse, yellow-throated",Woylie,2019-03-23T21:24:30.000
Prodder,"Jacana, african",Raccoon dog,2018-07-25T11:02:57.000
Flexidy,Galapagos dove,Common raccoon,2017-12-10T10:47:39.000
Rank,"Spurfowl, yellow-necked",Black-throated butcher bird,2018-03-28T15:06:51.000
Stringtough,Curve-billed thrasher,Dabchick,2018-06-12T00:58:50.000
Stronghold,Osprey,"Lizard, mexican beaded",2018-02-25T02:52:05.000
Zoolab,Western bearded dragon,"Bleu, red-cheeked cordon",2018-04-06T06:22:42.000
Stim,Hanuman langur,Bird (unidentified),2018-10-21T20:49:55.000
Alpha,"Dragon, frilled","Partridge, coqui",2018-09-13T08:47:23.000
Trippledex,"Wolf, common",Madagascar hawk owl,2019-03-13T09:35:04.000
Daltfresh,African skink,"Turkey, australian brush",2018-11-16T22:55:43.000
Aerified,"Sheep, stone",Helmeted guinea fowl,2019-02-12T07:15:24.000
Quo Lux,Hudsonian godwit,Huron,2018-03-11T05:38:42.000
Stronghold,Frog (unidentified),Red-winged hawk (unidentified),2018-07-07T16:23:38.000
Hatity,Comb duck,Silver-backed fox,2017-12-29T18:34:09.000
Hatity,"Otter, brazilian","Deer, barasingha",2019-02-12T15:25:25.000
Namfix,Black-tailed prairie dog,Small Indian mongoose,2017-10-05T07:43:57.000
Quo Lux,Western bearded dragon,"Goldeneye, barrows",2018-05-02T16:34:17.000
Treeflex,"Robin, kalahari scrub",Black-necked stork,2017-11-24T16:36:16.000
Stringtough,"Antelope, roan",Vicuna,2018-06-23T04:22:11.000
Redhold,"Monitor, two-banded",Crowned eagle,2018-12-08T23:19:01.000
Otcom,"Lion, steller's sea",Cape Barren goose,2018-05-17T10:54:39.000
Matsoft,Malay squirrel (unidentified),"Turkey, wild",2018-01-25T08:13:10.000
Trippledex,"Langur, gray",Guanaco,2018-06-02T10:43:35.000
Holdlamis,"Vulture, egyptian",Crab (unidentified),2019-01-14T05:09:18.000
Y-Solowarm,Slender-billed cockatoo,Steller sea lion,2018-08-12T06:41:54.000
Lotlux,Australian sea lion,"Monkey, rhesus",2018-09-29T19:05:50.000
Tresom,"Kangaroo, western grey",Indian star tortoise,2018-04-20T10:56:59.000
Domainer,Glossy starling (unidentified),"Legaan, ground",2018-08-21T05:57:17.000
Lotlux,"Dunnart, fat-tailed",Cormorant (unidentified),2018-05-24T13:03:30.000
Zathin,Swamp deer,Komodo dragon,2017-12-16T13:56:22.000
Wrapsafe,"Bulbul, african red-eyed",Reindeer,2018-10-19T01:29:39.000
Voltsillam,Wild boar,"Pelican, eastern white",2018-06-25T14:07:47.000
Domainer,"Buffalo, asian water","Darter, african",2018-08-18T22:49:54.000
Bytecard,Cougar,Water monitor,2018-08-29T14:20:42.000
Bitchip,"Turtle, eastern box","Shrew, mandras tree",2018-05-23T08:19:48.000
Quo Lux,Killer whale,"Hen, sage",2017-10-21T03:29:05.000
Asoka,African pied wagtail,"Baboon, gelada",2018-02-23T06:55:21.000
Prodder,"Deer, red",Numbat,2018-04-13T19:11:59.000
Pannier,Violet-crested turaco,Sally lightfoot crab,2017-10-02T13:34:37.000
Viva,Clark's nutcracker,Asian foreset tortoise,2018-07-21T04:43:52.000
Tampflex,Warthog,Snow goose,2018-12-21T05:32:14.000
Zathin,"Darter, african","Ringtail, common",2018-09-05T03:43:17.000
Tresom,Crimson-breasted shrike,"Eagle, pallas's fish",2018-04-05T10:03:38.000
Span,"Hyena, striped",Egyptian viper,2018-03-10T23:48:43.000
Fintone,"Woodpecker, downy",Cape Barren goose,2018-06-29T01:42:22.000
It,"Sloth, pale-throated three-toed",Black swan,2018-11-26T15:14:27.000
Voyatouch,Southern brown bandicoot,"Cormorant, little",2018-06-30T02:07:23.000
Duobam,"Gazelle, grant's",Brazilian otter,2018-05-09T06:48:53.000
Flowdesk,Red-necked wallaby,Chestnut weaver,2019-02-10T16:04:08.000
Lotlux,"Goose, egyptian","Racer, american",2017-12-04T06:46:13.000
Vagram,"Stork, saddle-billed","Crane, blue",2018-03-16T17:51:38.000
Fix San,Madagascar hawk owl,Common zebra,2018-02-07T12:34:51.000
Cardify,"Butterfly, canadian tiger swallowtail",American marten,2018-11-10T23:14:53.000
Pannier,"Lizard, mexican beaded",Red sheep,2018-08-27T12:18:02.000
Sonair,Paca,Aardwolf,2018-04-27T21:54:25.000
Zathin,"Screamer, crested",Tammar wallaby,2018-11-01T18:19:36.000
Andalax,"Baboon, olive",Common green iguana,2019-01-15T05:45:09.000
Y-Solowarm,Malachite kingfisher,"Stork, painted",2019-02-06T00:13:17.000
Gembucket,"Egret, snowy",Arctic fox,2019-01-20T14:05:30.000
Opela,African pied wagtail,Pygmy possum,2019-03-04T02:00:03.000
Holdlamis,Wood pigeon,Ground legaan,2018-02-24T09:54:17.000
Asoka,White rhinoceros,Long-necked turtle,2018-03-11T23:42:27.000
Zamit,Grey mouse lemur,Common zorro,2017-10-21T23:24:13.000
Viva,Ringtail,Crimson-breasted shrike,2018-06-13T03:33:57.000
Voyatouch,Jaguar,"Jackal, black-backed",2018-08-14T02:04:16.000
Bitwolf,"Eagle, african fish",European wild cat,2018-11-19T11:17:08.000
Zaam-Dox,"Seal, southern elephant","Langur, common",2018-09-06T02:54:21.000
Toughjoyfax,Red-billed hornbill,Brown brocket,2018-01-05T02:22:37.000
Flowdesk,"Wambenger, red-tailed","Chickadee, black-capped",2018-08-07T23:23:13.000
Temp,White-rumped vulture,Swallow-tail gull,2018-11-01T06:30:49.000
Bitwolf,"Jackal, indian",Spectacled caiman,2017-11-08T19:09:14.000
Y-find,Blue wildebeest,Burmese brown mountain tortoise,2018-12-14T14:55:29.000
Bamity,"Quoll, spotted-tailed",Hoary marmot,2017-12-16T12:07:49.000
Voltsillam,"Ferret, black-footed",Black-tailed prairie dog,2018-08-20T20:34:55.000
Overhold,Cape starling,Black-tailed prairie dog,2018-04-18T09:06:53.000
Span,"Crow, house",Black-tailed tree creeper,2019-02-12T05:28:02.000
Bytecard,"Crane, sarus",Javanese cormorant,2018-03-28T15:40:03.000
Flowdesk,Wild turkey,Water monitor,2018-02-07T03:52:58.000
Cardguard,"Starling, red-shouldered glossy",Mountain duck,2018-07-01T00:32:35.000
Konklab,American badger,"Swan, black",2018-12-24T14:09:45.000
Stringtough,Crab-eating fox,Southern black-backed gull,2018-10-07T02:33:44.000
Trippledex,"Raccoon, common",Puna ibis,2019-01-28T00:25:25.000
Zaam-Dox,"Moorhen, purple","Albatross, galapagos",2018-06-23T11:58:47.000
Vagram,Pied kingfisher,Seven-banded armadillo,2018-12-12T14:11:35.000
Zathin,"Possum, golden brush-tailed","Wapiti, elk,",2017-11-12T23:22:47.000
Trippledex,"Snake, buttermilk","Wallaby, red-necked",2017-10-06T14:54:08.000
Holdlamis,Neotropic cormorant,Galapagos penguin,2018-10-23T22:59:04.000
Trippledex,"Sloth, two-toed tree",Long-crested hawk eagle,2018-02-05T20:47:55.000
Konklux,Common ringtail,"Flamingo, greater",2018-04-13T04:37:10.000
Lotlux,Caracal,"Macaw, blue and gold",2018-01-12T11:39:20.000
Konklab,Ring dove,"Albatross, waved",2018-09-30T02:21:21.000
Tresom,Grison,Carpet python,2019-03-11T19:17:46.000
Stim,"Possum, pygmy","Bird, red-billed tropic",2018-09-23T13:23:22.000
Quo Lux,"Puffin, horned",Puna ibis,2018-08-30T05:54:45.000
Overhold,"Eagle, african fish",Llama,2018-08-12T22:35:14.000
Bitwolf,Giant otter,King cormorant,2018-11-02T16:51:57.000
Gembucket,"Kangaroo, jungle",Indian peacock,2017-12-03T01:25:52.000
Cardguard,"Goose, knob-nosed",Savannah deer,2019-02-02T00:28:34.000
Voltsillam,Boat-billed heron,Little brown dove,2018-06-19T11:53:22.000
Fix San,Common eland,"Porcupine, tree",2018-12-25T19:25:10.000
Quo Lux,"Weaver, lesser masked",Ringtail,2018-09-14T14:32:18.000
Duobam,"Rattlesnake, horned","Raccoon, crab-eating",2019-03-14T13:36:17.000
Trippledex,Groundhog,"Cat, european wild",2017-10-16T15:05:56.000
Trippledex,"Macaw, red and blue","Shelduck, european",2017-11-08T02:44:23.000
Voltsillam,White-throated monitor,African ground squirrel (unidentified),2019-03-05T06:52:38.000
Regrant,"Tortoise, radiated",Common raccoon,2017-12-03T01:34:06.000
Konklab,Black-throated butcher bird,"Crane, brolga",2017-10-23T10:46:04.000
Rank,Dassie,Ringtail,2018-06-02T00:02:12.000
Viva,Ring dove,Asian red fox,2018-07-25T11:30:36.000
Treeflex,Slender-billed cockatoo,Roseate cockatoo,2018-08-04T19:55:14.000
Tampflex,"Hawk, red-tailed","Gazelle, grant's",2019-02-24T04:38:58.000
Redhold,North American river otter,"Weaver, sociable",2018-04-08T09:27:25.000
Home Ing,Southern tamandua,Caracara (unidentified),2019-03-19T22:33:46.000
Span,Kori bustard,Ornate rock dragon,2018-12-31T17:00:12.000
Voyatouch,Long-tailed spotted cat,"Lion, galapagos sea",2018-04-17T04:58:54.000
Ventosanzap,"Wallaby, whip-tailed",American badger,2018-01-15T13:27:49.000
Flowdesk,Common palm civet,Eastern dwarf mongoose,2018-12-05T07:10:22.000
Transcof,Indian peacock,Galapagos sea lion,2018-04-05T14:54:30.000
Cardify,Red-headed woodpecker,Emerald-spotted wood dove,2018-09-21T18:16:25.000
Zamit,Pampa gray fox,Malleefowl,2018-07-18T16:19:19.000
Prodder,Eleven-banded armadillo (unidentified),Indian giant squirrel,2018-06-08T01:21:19.000
Redhold,"Duiker, gray",Indian star tortoise,2019-02-09T10:53:45.000
Flowdesk,"Crocodile, nile",Red-tailed hawk,2018-04-03T09:00:00.000
Flowdesk,White-winged tern,Mexican wolf,2018-12-07T00:56:50.000
Biodex,"Heron, giant",African darter,2019-02-27T09:07:35.000
Span,"Boar, wild","Jacana, african",2018-05-14T02:47:25.000
Stronghold,Common wallaroo,"Waterbuck, common",2017-10-29T00:01:21.000
Matsoft,Giant armadillo,"Mongoose, banded",2018-04-10T02:42:56.000
Greenlam,"Weaver, sociable","Iguana, land",2017-11-13T14:22:36.000
Bitchip,"Mynah, indian","Wallaby, bennett's",2018-02-10T23:21:27.000
Cardguard,"Peacock, indian","Lizard, collared",2017-11-23T07:05:21.000
Opela,Purple grenadier,Black-eyed bulbul,2017-12-06T11:20:04.000
Bitchip,"Barbet, black-collared",Stanley bustard,2018-08-04T09:06:42.000
Duobam,Richardson's ground squirrel,"Goose, egyptian",2018-12-08T13:39:12.000
Stim,"Jackal, indian","Goose, cereopsis",2017-12-18T00:44:42.000
Tres-Zap,"Rat, white-faced tree",Crab-eating raccoon,2018-02-16T14:59:01.000
Sub-Ex,"Badger, american",Zorilla,2017-11-21T09:49:30.000
Daltfresh,"Bulbul, african red-eyed","Grenadier, common",2019-01-02T00:39:41.000
Cardguard,"Bulbul, black-eyed","Tortoise, asian foreset",2018-12-27T18:44:37.000
Tin,Brown antechinus,"Duiker, gray",2017-11-25T00:11:18.000
Cardify,"Bat, madagascar fruit",Egyptian viper,2018-09-28T11:03:41.000
Voyatouch,"Eagle, long-crested hawk","Badger, eurasian",2018-10-17T19:34:20.000
Voltsillam,Brazilian tapir,Rufous-collared sparrow,2018-04-04T07:07:38.000
Fintone,"Hornbill, red-billed",Campo flicker,2019-01-07T19:02:25.000
Voyatouch,Meerkat,"Deer, swamp",2018-12-02T05:57:58.000
Zontrax,"Vulture, lappet-faced","Vulture, griffon",2018-04-10T13:27:45.000
Fix San,Common long-nosed armadillo,Coke's hartebeest,2018-05-04T11:42:51.000
Flowdesk,"Porcupine, african",Black-necked stork,2018-09-03T03:10:26.000
Stim,"Ibis, glossy",Stanley bustard,2017-12-19T22:46:06.000
Fintone,"Macaque, pig-tailed",Australian pelican,2018-06-01T20:33:58.000
Duobam,"Heron, gray","Baboon, savanna",2017-10-01T19:47:34.000
Asoka,Olive baboon,Pine squirrel,2018-02-09T09:00:52.000
Lotstring,"Barbet, black-collared","Rattlesnake, dusky",2019-03-10T01:50:02.000
Zathin,Pig-tailed macaque,European badger,2017-11-25T15:59:27.000
Domainer,Blue racer,Mule deer,2019-02-21T04:19:33.000
Cardguard,White-cheeked pintail,Field flicker,2017-12-22T04:10:26.000
Holdlamis,"Kingfisher, pied",Snowy sheathbill,2018-06-15T05:58:08.000
Keylex,"Skimmer, four-spotted",Sage grouse,2018-01-06T05:29:36.000
Greenlam,"Boa, emerald green tree",Australian sea lion,2018-01-27T05:34:07.000
Sonair,"Stork, yellow-billed",Polar bear,2018-01-31T03:39:12.000
Gembucket,Land iguana,Lappet-faced vulture,2017-11-25T18:37:48.000
Bitwolf,Lesser double-collared sunbird,Nile crocodile,2018-04-16T07:22:13.000
Alpha,"Rat, arboral spiny",Black vulture,2018-10-29T11:32:36.000
Wrapsafe,Kaffir cat,"Stork, painted",2018-01-08T14:11:08.000
Ventosanzap,Giant otter,Steller sea lion,2017-12-11T12:47:45.000
Holdlamis,Red howler monkey,Carmine bee-eater,2018-09-21T19:12:47.000
Rank,Swallow (unidentified),"Trumpeter, green-winged",2018-12-27T04:49:26.000
Treeflex,Turkey vulture,"Cliffchat, mocking",2018-01-05T08:02:15.000
Domainer,Blue-footed booby,Southern right whale,2017-10-30T19:05:59.000
Bitwolf,Yellow-necked spurfowl,Crested screamer,2018-07-12T02:35:21.000
Ronstring,Timber wolf,Levaillant's barbet,2018-07-01T21:02:24.000
Alpha,"Pie, indian tree","Eagle, tawny",2018-08-27T07:23:24.000
Span,Yellow-bellied marmot,Spotted-tailed quoll,2018-10-23T22:05:43.000
Otcom,"Wapiti, elk,",Collared lemming,2018-07-05T21:29:32.000
Stringtough,"Hornbill, southern ground",Ringtail,2018-07-15T17:51:19.000
Tin,Giant armadillo,"Bustard, stanley",2019-01-07T14:43:14.000
Latlux,"Turtle, snake-necked","Jackal, silver-backed",2018-03-17T11:06:20.000
Hatity,"Bustard, stanley",Black-tailed prairie dog,2018-02-01T04:53:16.000
Namfix,Mexican beaded lizard,Tawny frogmouth,2017-10-11T04:43:43.000
Namfix,Common boubou shrike,Kongoni,2018-04-08T13:11:19.000
Otcom,Pale white-eye,"Badger, eurasian",2018-08-14T16:29:09.000
Mat Lam Tam,Ibex,Javanese cormorant,2018-07-18T13:55:41.000
Tresom,"Lion, australian sea","Skua, great",2018-12-29T06:09:11.000
Rank,Savanna baboon,Grant's gazelle,2017-12-28T20:56:57.000
Zontrax,"Stork, marabou","Ox, musk",2018-11-27T16:53:20.000
Tres-Zap,"Glider, squirrel",American racer,2018-02-26T08:23:43.000
Fix San,White-necked raven,Beisa oryx,2018-02-17T15:40:45.000
Aerified,"Duck, mountain",Plains zebra,2018-08-19T02:11:28.000
Subin,Frog (unidentified),Rufous tree pie,2017-12-09T14:10:11.000
Alpha,Lesser masked weaver,"Polecat, african",2018-09-23T06:20:32.000
Sonsing,"Stork, openbill",Arctic fox,2018-12-09T13:39:41.000
Mat Lam Tam,Blue wildebeest,"Starling, cape",2019-01-31T04:17:02.000
Ventosanzap,"Wallaby, river",Darwin ground finch (unidentified),2017-10-30T06:54:44.000
Y-Solowarm,Scottish highland cow,"Wallaroo, common",2018-02-04T12:02:11.000
Andalax,"Tapir, brazilian",Impala,2017-11-30T07:56:05.000
Span,Euro wallaby,"Ibis, sacred",2018-06-17T05:06:36.000
Zoolab,"Teal, hottentot","Lion, galapagos sea",2018-01-02T14:49:53.000
Home Ing,Woodrat (unidentified),"Porcupine, indian",2017-11-15T15:46:08.000
Fixflex,"Turaco, violet-crested",Radiated tortoise,2019-02-03T07:58:27.000
Regrant,"Pelican, australian",Hudsonian godwit,2018-10-03T03:45:52.000
Fix San,"Plover, three-banded","Peccary, white-lipped",2018-03-21T16:38:34.000
Lotlux,Giant heron,Wild turkey,2018-04-27T17:17:19.000
Overhold,White-throated toucan,"Salmon, sockeye",2018-01-23T06:20:53.000
Otcom,Common waterbuck,"Cormorant, little",2017-12-13T15:00:36.000
Fintone,Western pygmy possum,Blue-footed booby,2018-12-15T09:18:07.000
Zontrax,Long-nosed bandicoot,"Heron, yellow-crowned night",2018-02-12T21:26:09.000
Hatity,Great skua,"Constrictor, eastern boa",2018-12-03T06:06:14.000
Zoolab,Columbian rainbow boa,Honey badger,2018-03-11T21:36:35.000
Greenlam,"Lion, australian sea",Carmine bee-eater,2018-01-21T16:25:17.000
Hatity,"Bee-eater, white-fronted",Collared lizard,2018-07-25T10:52:01.000
Temp,Oriental white-backed vulture,White-rumped vulture,2019-03-11T10:24:25.000
Vagram,"Albatross, galapagos","Peacock, indian",2018-12-02T10:33:06.000
Latlux,Common zebra,"Lemur, grey mouse",2018-06-09T10:35:10.000
Bytecard,"Oryx, beisa",Bohor reedbuck,2018-03-01T18:14:44.000
Veribet,White-faced tree rat,Eastern boa constrictor,2018-06-24T17:37:57.000
Rank,"Otter, african clawless",Brazilian tapir,2018-08-24T19:47:28.000
Tampflex,"Duck, white-faced whistling","Squirrel, thirteen-lined",2018-02-07T05:27:49.000
Mat Lam Tam,Common wombat,Jaguarundi,2018-12-23T19:30:07.000
Opela,"Hartebeest, red",American racer,2018-12-23T00:15:27.000
Opela,Tayra,"Squirrel, arctic ground",2018-02-26T09:51:33.000
Tres-Zap,Fringe-eared oryx,Red-necked wallaby,2018-07-13T14:44:26.000
Veribet,"Waterbuck, common","Lemur, brown",2018-05-17T19:01:08.000
Redhold,African polecat,"Jackal, black-backed",2017-12-03T17:51:25.000
Stim,Tiger snake,"Baboon, yellow",2019-01-24T08:06:28.000
Rank,"Tern, white-winged black",Mandras tree shrew,2019-01-01T03:01:03.000
Fintone,Emerald-spotted wood dove,Small-clawed otter,2018-02-14T05:04:01.000
Konklab,Mudskipper (unidentified),"Lizard, blue-tongued",2018-11-27T19:20:47.000
Home Ing,"Fox, asian red",Chestnut weaver,2018-06-01T13:40:03.000
Voltsillam,"Toucan, red-billed","Hornbill, leadbeateri's ground",2018-10-02T16:49:59.000
Prodder,"Grenadier, common","Bear, sloth",2018-06-19T20:32:05.000
Zontrax,Indian giant squirrel,"Wallaroo, common",2017-10-13T09:10:11.000
Flowdesk,"Brocket, red","Beaver, american",2019-01-04T08:32:02.000
Alphazap,Green-backed heron,White stork,2018-02-08T00:46:07.000
Job,"Pintail, bahama","Dog, african wild",2017-12-30T00:53:58.000
Opela,"Barbet, levaillant's","Lory, rainbow",2018-02-18T06:09:37.000
Voyatouch,White-tailed deer,Red sheep,2018-07-05T16:53:41.000
Zamit,Goliath heron,Pocket gopher (unidentified),2018-12-27T02:11:16.000
Redhold,Kirk's dik dik,Blue-tongued lizard,2018-10-12T20:54:02.000
Domainer,Red hartebeest,"Bustard, kori",2018-08-06T13:02:06.000
Flexidy,"Spider, wolf","Bear, black",2018-07-13T16:47:48.000
Cardguard,"Glider, sugar",Crested bunting,2017-10-18T15:49:21.000
Y-find,Indian peacock,"Capuchin, black-capped",2018-08-22T18:09:32.000
Regrant,"Lion, southern sea",Silver gull,2018-12-23T07:37:46.000
Aerified,"Seal, northern elephant",Egyptian cobra,2018-03-04T10:10:24.000
Zoolab,"Eagle, long-crested hawk",Red-necked wallaby,2017-11-17T11:02:08.000
Aerified,"Grouse, sage","Armadillo, common long-nosed",2018-04-04T20:41:23.000
Stim,American alligator,Andean goose,2018-02-13T11:20:55.000
Flowdesk,"Lizard, desert spiny","Squirrel, golden-mantled ground",2018-12-13T06:32:19.000
Bamity,"Rabbit, eastern cottontail","Cat, native",2018-05-29T07:55:49.000
Kanlam,Common duiker,Bahama pintail,2018-10-02T22:09:45.000
Quo Lux,"Stork, black-necked",Lilac-breasted roller,2018-06-02T06:39:48.000
Quo Lux,Osprey,Bahama pintail,2018-01-26T16:24:57.000
Zontrax,"Python, carpet",Canadian tiger swallowtail butterfly,2018-02-23T02:29:36.000
Tresom,"Rhinoceros, white","Crow, american",2019-02-22T08:30:57.000
Stronghold,Ring-necked pheasant,"Porcupine, indian",2017-10-06T02:15:38.000
Trippledex,Honey badger,"Badger, honey",2018-03-18T23:46:51.000
Bitchip,"Mongoose, javan gold-spotted","Gnu, brindled",2018-03-22T12:16:04.000
Tempsoft,Ring dove,"Possum, western pygmy",2018-11-10T09:26:35.000
Sonair,Arctic tern,Horned lark,2018-11-14T08:52:32.000
Lotstring,"Lorikeet, scaly-breasted",European stork,2019-01-21T21:49:13.000
Holdlamis,Cape clawless otter,"Cat, kaffir",2018-12-30T15:48:05.000
Cardguard,"Grouse, sage","Kangaroo, jungle",2018-05-02T07:41:24.000
Bitwolf,Eastern indigo snake,"Turkey, common",2018-02-03T01:52:11.000
Job,Spotted deer,"Armadillo, common long-nosed",2019-03-01T08:22:13.000
Sub-Ex,"Magpie, australian","Goldeneye, barrows",2018-05-07T21:03:57.000
Trippledex,Asian red fox,Yellow-bellied marmot,2018-04-22T21:21:39.000
Solarbreeze,"Raccoon, crab-eating","Bee-eater, nubian",2018-07-13T07:27:09.000
Gembucket,Salmon pink bird eater tarantula,"Duck, comb",2019-01-22T22:37:13.000
Ventosanzap,Yellow baboon,"Barbet, black-collared",2018-01-12T04:00:43.000
Temp,"Moorhen, purple","Screamer, crested",2018-03-21T11:11:49.000
Span,Crab-eating raccoon,California sea lion,2018-09-22T10:29:38.000
Tin,"Wallaby, agile",Civet cat,2019-02-03T21:00:50.000
Regrant,Common zebra,"Beaver, european",2018-03-17T14:33:50.000
Andalax,"Stork, jabiru",Stanley bustard,2018-05-15T10:45:26.000
Konklab,"Cockatoo, sulfur-crested","Tenrec, tailless",2018-10-11T00:50:42.000
Fixflex,"Rhinoceros, white","Jackal, black-backed",2018-01-29T02:29:17.000
Asoka,Mudskipper (unidentified),"Wolf, common",2018-09-12T07:47:56.000
Ventosanzap,Brown and yellow marshbird,"Magpie, black-backed",2018-11-11T06:29:58.000
Bigtax,"Ferret, black-footed",Red-tailed wambenger,2018-07-11T22:09:16.000
Prodder,"Phalarope, northern","Porcupine, crested",2018-05-09T07:59:03.000
Bytecard,Carpet python,Gemsbok,2018-03-29T17:03:19.000
Veribet,Western lowland gorilla,Short-nosed bandicoot,2018-04-13T22:45:49.000
Matsoft,Green-winged trumpeter,"Colobus, white-mantled",2018-09-27T18:32:19.000
Rank,Violet-crested turaco,"Glider, feathertail",2017-12-13T11:09:15.000
Redhold,Woylie,"Waxbill, violet-eared",2018-06-11T09:56:48.000
Bytecard,Large-eared bushbaby,"Dog, black-tailed prairie",2019-03-21T01:43:04.000
Redhold,"Puffin, horned",Lizard (unidentified),2018-11-09T16:08:11.000
Redhold,Snake (unidentified),Dusky gull,2018-02-22T23:57:32.000
Cardify,Hudsonian godwit,American buffalo,2018-10-30T14:46:05.000
Holdlamis,"Kudu, greater",Cape white-eye,2018-12-17T14:20:54.000
Temp,European badger,Llama,2018-01-19T01:23:28.000
Gembucket,"Monkey, bleeding heart",Turkey vulture,2018-03-23T03:01:19.000
Sonair,Puku,"Boa, mexican",2019-01-25T13:54:56.000
Zaam-Dox,"Siskin, yellow-rumped",Greater kudu,2018-07-20T06:35:58.000
Bitwolf,Secretary bird,"Gull, pacific",2018-02-15T06:37:47.000
Bytecard,Griffon vulture,Yellow-brown sungazer,2019-02-18T04:50:01.000
Domainer,"Otter, brazilian",Sable antelope,2017-10-04T17:16:32.000
Lotstring,"Eagle, tawny",Tawny eagle,2018-05-27T02:23:49.000
Cookley,Red-billed hornbill,"Waterbuck, defassa",2018-10-03T08:40:38.000
Mat Lam Tam,Malachite kingfisher,Pine siskin,2018-10-15T20:15:00.000
Stringtough,"Sheep, red",American crow,2018-12-26T23:54:38.000
Quo Lux,"Monitor, two-banded","Wolf, mexican",2018-11-10T04:47:39.000
Home Ing,African pied wagtail,"Shrike, crimson-breasted",2019-02-27T20:02:33.000
Y-Solowarm,"Cat, european wild",Eastern quoll,2017-12-15T06:52:19.000
Holdlamis,"Crane, stanley",Frilled lizard,2018-01-04T22:51:39.000
Job,Russian dragonfly,"Moccasin, water",2018-11-26T18:27:59.000
Tampflex,Black-crowned night heron,Brush-tailed phascogale,2018-02-10T16:53:48.000
Zoolab,Gecko (unidentified),Pied avocet,2017-10-17T23:31:53.000
Zathin,"Kangaroo, brush-tailed rat",Paddy heron (unidentified),2018-11-29T02:40:37.000
Zaam-Dox,Pied cormorant,"Raven, cape",2018-04-15T16:40:25.000
Veribet,Puku,"Ferret, black-footed",2019-01-20T00:50:21.000
Voltsillam,"Vulture, lappet-faced",Helmeted guinea fowl,2018-06-15T06:00:51.000
Zaam-Dox,Long-nosed bandicoot,Urial,2018-04-10T12:37:40.000
Ronstring,"Gazelle, grant's","Lizard, mexican beaded",2018-12-08T08:47:56.000
Quo Lux,"Antelope, sable","Shark, blue",2018-12-26T11:47:59.000
Span,"Sheep, american bighorn",Chuckwalla,2018-03-01T02:16:56.000
Bamity,Snow goose,Hoffman's sloth,2017-11-13T11:52:34.000
Sonsing,Bent-toed gecko,Brown and yellow marshbird,2018-03-22T11:34:51.000
Bamity,"Bison, american","White-eye, cape",2017-12-08T20:24:47.000
Holdlamis,Long-crested hawk eagle,Koala,2018-12-24T05:06:08.000
Gembucket,Violet-crested turaco,Harbor seal,2018-06-25T09:22:27.000
Lotstring,Columbian rainbow boa,Blue peacock,2018-05-11T21:14:34.000
Voltsillam,Roseate cockatoo,Bengal vulture,2018-11-01T07:12:52.000
Zontrax,Southern lapwing,"Squirrel, eurasian red",2018-09-14T10:36:47.000
Transcof,"Waterbuck, defassa","Wolf, timber",2019-02-19T13:47:22.000
Holdlamis,Miner's cat,Mexican beaded lizard,2018-01-07T15:38:52.000
Vagram,Chacma baboon,Arctic fox,2018-06-23T01:28:17.000
Span,"Monkey, rhesus",Black-footed ferret,2019-03-10T15:30:18.000
Kanlam,Killer whale,Black-backed magpie,2018-08-17T21:46:30.000
Fixflex,Horned lark,Galapagos mockingbird,2017-12-22T04:49:15.000
Regrant,"Mockingbird, galapagos","Bird, pied butcher",2018-01-03T13:47:03.000
Home Ing,Sociable weaver,"Nuthatch, red-breasted",2018-06-21T08:30:31.000
Asoka,"Skink, blue-tongued",Asian foreset tortoise,2018-11-08T19:24:01.000
Bigtax,"Frogmouth, tawny","Lizard, goanna",2018-07-06T21:43:47.000
Latlux,"Screamer, crested","Vulture, white-headed",2018-01-05T11:50:07.000
Subin,"Tortoise, desert","Gull, southern black-backed",2018-04-19T20:36:17.000
Namfix,Brush-tailed bettong,Greater roadrunner,2018-04-06T22:25:26.000
Tres-Zap,Greylag goose,Guerza,2018-04-29T09:04:14.000
Bitwolf,"Avocet, pied",Eastern quoll,2018-01-07T13:23:10.000
Stim,"Bulbul, black-fronted","Hyena, spotted",2019-03-19T22:58:00.000
Sonair,Common pheasant,Koala,2018-01-01T23:15:07.000
Zathin,"Capuchin, black-capped",Canadian tiger swallowtail butterfly,2018-07-25T23:19:25.000
Holdlamis,American bighorn sheep,"Hyena, spotted",2018-08-21T09:54:51.000
Latlux,Richardson's ground squirrel,Brown and yellow marshbird,2018-04-21T06:11:34.000
Stim,Brown capuchin,"Flamingo, roseat",2017-10-29T04:56:49.000
Bytecard,"Lion, australian sea","Egret, great",2017-11-02T06:18:14.000
Bitchip,Ring-tailed possum,"Langur, common",2018-08-14T05:19:46.000
Konklab,Hyrax,Arctic ground squirrel,2018-11-30T21:50:00.000
Daltfresh,Greater blue-eared starling,Whip-tailed wallaby,2019-03-02T18:52:10.000
Daltfresh,Red-winged hawk (unidentified),Red-tailed cockatoo,2017-10-26T14:43:55.000
Trippledex,"Phalarope, grey",Common seal,2019-03-01T17:00:25.000
Zathin,"Racer, blue",Pine squirrel,2018-08-02T21:10:18.000
Y-Solowarm,"Turtle, long-necked",Red deer,2017-12-21T05:24:46.000
Tempsoft,"Rhinoceros, square-lipped",Lesser masked weaver,2018-03-03T08:20:34.000
Lotlux,Malachite kingfisher,Common palm civet,2018-08-03T08:47:34.000
Gembucket,Snow goose,Gray heron,2018-03-12T11:50:14.000
Trippledex,Python (unidentified),"Seal, southern elephant",2017-11-16T00:52:52.000
Kanlam,Red-billed buffalo weaver,"Cockatoo, red-tailed",2017-10-22T13:38:49.000
Regrant,"Spoonbill, white","Cormorant, king",2018-01-03T17:35:54.000
Overhold,Common duiker,"Kite, black",2018-02-02T22:14:15.000
Zamit,"Porcupine, north american","Legaan, ground",2018-03-14T01:15:48.000
Fix San,"Bat, little brown",King cormorant,2018-06-23T22:37:06.000
Keylex,Hummingbird (unidentified),Egyptian vulture,2018-11-02T22:41:45.000
Lotlux,"Sheathbill, snowy","Sifaka, verreaux's",2018-01-04T23:40:11.000
Bitchip,Pygmy possum,White-cheeked pintail,2018-06-20T20:29:24.000
Voyatouch,Northern phalarope,"Crocodile, nile",2018-02-08T03:47:22.000
Quo Lux,Carmine bee-eater,Pampa gray fox,2019-02-06T10:41:20.000
Bitwolf,"Dove, rock","Fox, cape",2019-01-10T10:53:03.000
Trippledex,Pine squirrel,Common dolphin,2018-12-20T04:13:45.000
Kanlam,"Tortoise, asian foreset",Collared peccary,2018-08-25T20:40:41.000
Hatity,Puma,Yellow-necked spurfowl,2019-02-25T19:51:34.000
Fintone,"Cat, miner's","Crane, blue",2018-10-23T10:55:33.000
Holdlamis,"Vulture, turkey","Macaw, red and blue",2018-06-25T16:12:45.000
Hatity,Fringe-eared oryx,"Openbill, asian",2017-11-22T07:36:04.000
Gembucket,Yellow-crowned night heron,Red meerkat,2017-12-13T06:06:36.000
Matsoft,Frog (unidentified),"Tern, arctic",2017-11-29T08:12:38.000
Gembucket,"Boa, malagasy ground",Snowy owl,2018-06-06T00:03:53.000
Tres-Zap,Tiger cat,Scarlet macaw,2018-02-07T22:08:33.000
Alpha,Guerza,American bighorn sheep,2017-10-22T00:26:48.000
Namfix,Common rhea,White-faced tree rat,2018-07-13T19:50:49.000
Tresom,Roseat flamingo,"Flamingo, chilean",2018-10-11T13:06:26.000
Voyatouch,Rock dove,Azara's zorro,2018-09-22T04:25:55.000
It,"Quoll, spotted-tailed",Eastern grey kangaroo,2017-12-24T20:29:51.000
Fixflex,Gray rhea,"Sandpiper, spotted wood",2018-07-11T19:48:09.000
Domainer,Frilled lizard,Flying fox (unidentified),2018-07-10T17:42:30.000
Y-find,African bush squirrel,Brazilian tapir,2017-10-04T11:44:19.000
Ventosanzap,Buttermilk snake,"Parakeet, rose-ringed",2018-03-02T14:31:21.000
Fintone,"Francolin, swainson's",Secretary bird,2018-10-21T11:05:17.000
Bigtax,Land iguana,Indian leopard,2018-04-26T09:28:53.000
Ronstring,Glossy ibis,"Bulbul, black-eyed",2018-01-05T03:17:46.000
Toughjoyfax,"Gull, swallow-tail",Pied kingfisher,2018-04-12T10:26:02.000
Greenlam,Ostrich,Meerkat,2018-07-06T02:33:20.000
It,Egyptian viper,Western bearded dragon,2018-12-14T11:22:35.000
Cookley,Eastern diamondback rattlesnake,"Crocodile, nile",2018-07-27T15:11:01.000
Mat Lam Tam,African ground squirrel (unidentified),"Bear, black",2018-10-14T18:56:39.000
Sonair,"Flicker, campo",Gelada baboon,2018-04-05T23:19:03.000
Treeflex,Adouri (unidentified),"Bat, little brown",2019-03-07T14:04:18.000
Tin,Frog (unidentified),Magnificent frigate bird,2018-07-22T12:02:23.000
Bytecard,"Tern, white-winged black",Pygmy possum,2018-09-24T15:46:56.000
Bitwolf,Tiger,Civet (unidentified),2018-08-29T16:27:38.000
Flexidy,"Antelope, sable",Arctic hare,2018-05-07T16:22:35.000
Trippledex,"Cow, scottish highland","Fox, arctic",2018-08-25T02:26:34.000
Cardguard,"Possum, golden brush-tailed",Gray duiker,2018-04-27T10:59:55.000
Cardify,"Boa, emerald green tree",Fork-tailed drongo,2018-04-17T08:39:59.000
Greenlam,"Colobus, magistrate black",Sally lightfoot crab,2019-01-25T06:48:10.000
Transcof,"Crane, wattled",Common seal,2018-07-30T01:07:26.000
Domainer,"Dove, mourning collared","Lorikeet, scaly-breasted",2019-02-07T14:51:48.000
Cardguard,North American red fox,Mountain goat,2018-07-07T11:58:27.000
Stronghold,"Vulture, king","Kangaroo, brush-tailed rat",2018-02-21T04:45:42.000
Latlux,"Frogmouth, tawny",Australian brush turkey,2018-11-19T10:32:42.000
Tres-Zap,"Lemur, ring-tailed","Shrike, crimson-breasted",2019-02-09T00:00:30.000
Redhold,Serval,Red sheep,2018-12-15T14:16:09.000
Gembucket,"Moccasin, water",Red phalarope,2018-09-17T01:03:03.000
Namfix,"Porcupine, crested",Indian star tortoise,2018-11-17T04:19:55.000
Y-Solowarm,Python (unidentified),Euro wallaby,2019-03-19T06:39:00.000
Keylex,Agouti,Australian masked owl,2018-05-20T20:59:34.000
Konklux,"Chipmunk, least","Kangaroo, jungle",2017-12-17T03:37:04.000
Veribet,"Frogmouth, tawny",Buttermilk snake,2017-10-16T10:17:51.000
Cardguard,"Turtle, long-necked",Eastern boa constrictor,2018-12-18T13:46:49.000
Cardguard,"Baboon, yellow","Monkey, red howler",2018-11-21T01:42:01.000
Job,African buffalo,"Tortoise, galapagos",2018-05-04T05:56:49.000
Gembucket,"Dragonfly, russian",Pine snake (unidentified),2018-01-16T19:41:52.000
Span,"Lark, horned",Chital,2017-10-25T17:22:04.000
Konklux,Mallard,Nile crocodile,2018-01-25T15:31:22.000
Kanlam,Plains zebra,Water moccasin,2018-09-30T05:51:55.000
Zoolab,Eastern boa constrictor,"Dove, mourning collared",2018-01-04T00:56:46.000
Pannier,Australian spiny anteater,Eastern indigo snake,2018-04-04T22:42:55.000
Konklab,Roe deer,"Fox, north american red",2018-02-27T21:45:07.000
Treeflex,"Gonolek, burchell's","Gecko, tokay",2019-03-08T20:54:51.000
Fixflex,"Kangaroo, black-faced",Tree porcupine,2017-11-13T10:37:07.000
Voltsillam,Horned rattlesnake,Burmese black mountain tortoise,2018-11-30T00:34:52.000
Tin,Red brocket,"Admiral, indian red",2018-01-19T00:56:20.000
Solarbreeze,"Bear, american black","Chipmunk, least",2017-11-01T21:34:58.000
Otcom,"Cat, cape wild",Dusky rattlesnake,2018-09-14T05:27:53.000
Wrapsafe,"Lemur, brown","Weaver, sociable",2019-02-11T15:43:15.000
Quo Lux,"Crab, red lava",Rhesus monkey,2018-02-01T15:14:00.000
Job,Desert kangaroo rat,Brush-tailed phascogale,2019-02-08T22:39:38.000
Viva,Thirteen-lined squirrel,"Stork, white",2018-03-08T04:10:44.000
Mat Lam Tam,"Goat, mountain",Paradoxure,2018-02-06T02:53:47.000
Vagram,Common waterbuck,Royal tern,2018-02-20T21:01:10.000
Bigtax,Bengal vulture,"Parakeet, rose-ringed",2018-12-14T12:17:38.000
Matsoft,"Antelope, roan",Cape fox,2018-06-03T12:25:14.000
Kanlam,Common wolf,"Lizard, frilled",2018-07-07T12:24:02.000
Bamity,Long-necked turtle,"Hoopoe, eurasian",2018-09-15T05:31:21.000
Lotstring,Blue wildebeest,White-tailed jackrabbit,2018-01-10T15:07:03.000
Job,Bonnet macaque,"Fox, cape",2018-12-16T14:10:19.000
Quo Lux,Goliath heron,Laughing dove,2018-07-19T14:49:14.000
Redhold,Least chipmunk,Glossy ibis,2019-03-21T19:22:59.000
Bitchip,"Bustard, denham's",Galapagos hawk,2018-03-09T03:17:56.000
Greenlam,"Fox, blue",Black-collared barbet,2018-05-31T03:09:46.000
Voltsillam,"Sunbird, lesser double-collared","Hedgehog, south african",2017-12-02T13:18:09.000
Stim,Ostrich,"Colobus, white-mantled",2018-11-17T17:52:43.000
Ventosanzap,"Bulbul, african red-eyed",Wood pigeon,2018-05-20T21:38:17.000
Andalax,Ground legaan,Platypus,2018-02-19T14:17:25.000
Transcof,"Waterbuck, defassa",Springbok,2018-10-09T00:56:03.000
Redhold,White-winged black tern,European badger,2018-06-02T17:37:49.000
Zaam-Dox,"Cormorant, great",Griffon vulture,2018-08-07T23:17:37.000
Span,Steenbok,Brush-tailed rat kangaroo,2018-11-17T20:08:50.000
Bitchip,North American porcupine,"Colobus, magistrate black",2018-01-30T16:37:55.000
Otcom,"Crane, blue","Francolin, swainson's",2018-06-18T09:51:07.000
Daltfresh,"Goose, canada",Woodchuck,2018-07-13T00:49:16.000
Andalax,Puna ibis,Prairie falcon,2018-12-29T05:32:59.000
Daltfresh,"Screamer, southern",Blue-footed booby,2017-11-23T03:00:54.000
Cookley,"Squirrel, palm","Lemming, arctic",2018-05-26T05:01:59.000
Quo Lux,"Vulture, black",Platypus,2018-10-18T09:06:08.000
Sonair,"Pigeon, wood",Andean goose,2018-01-25T16:13:16.000
Alpha,Two-toed sloth,Tawny eagle,2018-03-20T12:17:56.000
Matsoft,Violet-eared waxbill,Northern phalarope,2017-12-13T17:39:40.000
Vagram,Dassie,Coke's hartebeest,2018-04-19T09:17:20.000
Konklux,"Cat, long-tailed spotted",Blackish oystercatcher,2018-04-15T12:28:58.000
Gembucket,"Waxbill, violet-eared","Legaan, ground",2018-10-10T07:19:34.000
It,Osprey,Brush-tailed phascogale,2017-12-12T20:31:14.000
Flowdesk,Asiatic jackal,Komodo dragon,2017-10-14T07:41:23.000
Aerified,Greater kudu,Greater adjutant stork,2018-09-06T03:05:27.000
Zaam-Dox,"Pie, rufous tree","Gull, herring",2018-03-30T21:07:39.000
Lotstring,Galapagos mockingbird,Black-footed ferret,2018-02-12T13:28:04.000
Konklab,White-winged dove,Arctic ground squirrel,2018-12-27T08:02:37.000
Andalax,Two-toed tree sloth,"Bee-eater, nubian",2018-11-19T21:28:32.000
Holdlamis,"Duck, comb",Coqui francolin,2018-10-22T22:21:15.000
Subin,"Bustard, kori",Emu,2018-04-07T22:28:32.000
Ventosanzap,"Wildebeest, blue",Brush-tailed phascogale,2018-08-30T13:07:51.000
Mat Lam Tam,"Bee-eater, white-fronted","Vulture, black",2017-11-05T19:15:23.000
Bamity,Emerald-spotted wood dove,Mandras tree shrew,2018-12-23T22:55:44.000
Quo Lux,"Spurfowl, yellow-necked",Horned puffin,2019-03-05T03:22:20.000
Opela,Eleven-banded armadillo (unidentified),Southern sea lion,2017-10-07T13:55:52.000
Opela,"Ibis, glossy","Hyena, striped",2018-09-27T09:59:10.000
Stronghold,"Crab, sally lightfoot","Armadillo, nine-banded",2018-09-14T16:38:04.000
Fix San,Silver gull,"Trotter, lily",2019-01-24T02:49:41.000
Matsoft,"Viper, egyptian","Seal, northern fur",2018-08-08T05:14:17.000
Fixflex,"Cat, jungle",Paca,2017-12-14T11:09:42.000
Konklab,"Leopard, indian",Eastern boa constrictor,2017-11-08T12:00:12.000
Tampflex,"Sandpiper, spotted wood",Wild boar,2017-10-06T23:50:55.000
Zathin,Hummingbird (unidentified),"Screamer, southern",2018-02-11T18:49:22.000
Bigtax,Western spotted skunk,"Phascogale, red-tailed",2019-03-08T01:38:01.000
Stim,South American meadowlark (unidentified),"Wombat, southern hairy-nosed",2017-12-10T21:49:55.000
Daltfresh,Purple grenadier,American Virginia opossum,2018-05-09T01:00:54.000
Tin,Slender loris,Thirteen-lined squirrel,2019-02-12T01:07:32.000
Keylex,White-mantled colobus,Southern elephant seal,2019-01-26T11:48:42.000
Home Ing,"Duiker, gray","Deer, barasingha",2018-02-11T22:32:22.000
Trippledex,Common wallaroo,"Gull, southern black-backed",2018-09-23T11:26:43.000
Fixflex,Short-nosed bandicoot,"Deer, savannah",2018-05-10T12:54:02.000
Hatity,White-mantled colobus,"Spoonbill, white",2018-01-08T19:33:43.000
Stringtough,"Phalarope, red-necked","Catfish, blue",2019-02-21T07:16:16.000
Voltsillam,"Sloth, two-toed tree",Yellow mongoose,2018-10-15T06:20:37.000
Toughjoyfax,African black crake,"Gazelle, grant's",2017-10-11T05:14:16.000
Latlux,Groundhog,King vulture,2017-10-03T06:33:02.000
Asoka,Common rhea,Emu,2018-03-26T16:08:52.000
Stronghold,Bush dog,Pale-throated three-toed sloth,2018-07-09T07:55:23.000
Aerified,"Waxbill, black-cheeked",Red-tailed cockatoo,2018-07-21T17:57:18.000
Sonsing,Platypus,White-faced whistling duck,2019-01-11T05:39:26.000
Flexidy,Common genet,Indian leopard,2017-10-06T13:25:58.000
Matsoft,"Gull, lava","Boa, cook's tree",2018-03-10T15:34:43.000
Bitwolf,"Mongoose, javan gold-spotted","Shrew, mandras tree",2018-02-22T18:50:12.000
Mat Lam Tam,Radiated tortoise,"Bustard, stanley",2018-06-04T23:07:35.000
Keylex,Egyptian vulture,Impala,2018-12-03T02:26:17.000
Tampflex,Ornate rock dragon,"Hawk-eagle, crowned",2018-08-13T08:50:27.000
Mat Lam Tam,Carmine bee-eater,"Gonolek, burchell's",2018-01-06T14:20:22.000
Biodex,"Crane, sarus","Eagle, bateleur",2018-10-23T20:00:57.000
Tempsoft,Mara,Cougar,2018-09-26T01:05:58.000
Mat Lam Tam,"Vulture, griffon",Canadian river otter,2018-04-13T00:38:15.000
Toughjoyfax,"Possum, ring-tailed",American black bear,2018-06-26T07:43:54.000
Veribet,"Heron, little","Pigeon, feral rock",2018-02-03T13:33:02.000
Rank,"Creeper, black-tailed tree","Coatimundi, white-nosed",2018-09-10T23:23:35.000
Zamit,"Cat, native","Francolin, swainson's",2018-12-08T11:14:41.000
Toughjoyfax,Crowned eagle,Golden jackal,2017-11-27T10:29:07.000
Opela,"Stork, european",Feathertail glider,2018-08-11T19:57:16.000
Keylex,Blue and gold macaw,Grey phalarope,2018-01-20T15:45:55.000
Redhold,White-tailed jackrabbit,Red hartebeest,2018-07-19T12:38:55.000
Quo Lux,Gray heron,Black-crowned crane,2018-04-30T16:39:07.000
Voltsillam,Golden-mantled ground squirrel,Golden brush-tailed possum,2018-01-09T17:16:19.000
Bytecard,"Flicker, field","Tarantula, salmon pink bird eater",2017-11-07T18:46:34.000
Tampflex,"Eland, common",Onager,2018-02-23T18:04:04.000
Hatity,"Corella, long-billed",Harbor seal,2018-07-04T13:54:44.000
Stringtough,"Cockatoo, sulfur-crested",Black-throated butcher bird,2019-03-10T10:30:01.000
Hatity,Tammar wallaby,Southern white-crowned shrike,2018-05-29T08:01:55.000
Toughjoyfax,"Hawk-eagle, crowned","Eagle, crowned",2018-04-30T17:13:18.000
Sub-Ex,Blue-tongued lizard,Russian dragonfly,2019-03-22T06:44:38.000
Sonair,"Boa, cook's tree",Woylie,2018-02-22T00:42:37.000
Tempsoft,Wattled crane,Asian water buffalo,2018-10-28T20:47:41.000
Konklab,"Fox, savanna","Tortoise, asian foreset",2018-02-25T12:30:51.000
Tresom,Aardwolf,"Baboon, savanna",2017-12-18T17:49:14.000
Opela,"Bettong, brush-tailed","Dik, kirk's dik",2017-12-11T04:43:25.000
Home Ing,"Lorikeet, scaly-breasted","Screamer, southern",2018-10-21T09:59:07.000
Y-Solowarm,Great skua,"Waxbill, black-cheeked",2017-10-04T23:03:33.000
Fintone,"Bear, sloth","Goose, cape barren",2018-05-28T00:36:57.000
Stringtough,Two-toed sloth,Chameleon (unidentified),2019-03-21T21:18:39.000
Zaam-Dox,Pine snake (unidentified),"Duiker, gray",2018-05-06T17:04:47.000
Redhold,Pallas's fish eagle,"Stork, greater adjutant",2018-09-02T13:52:03.000
Zoolab,"Mongoose, small indian",Swallow (unidentified),2018-12-27T21:55:37.000
Domainer,Uinta ground squirrel,Swainson's francolin,2017-12-06T12:22:55.000
Alphazap,Flying fox (unidentified),Fisher,2019-01-31T06:09:17.000
Stronghold,Nile crocodile,"Rabbit, eastern cottontail",2018-04-24T16:30:37.000
Prodder,Purple grenadier,"Otter, oriental short-clawed",2018-12-19T03:21:01.000
Hatity,"Teal, hottentot",Trumpeter swan,2018-09-14T00:27:08.000
Prodder,"Fox, silver-backed","Skunk, western spotted",2018-11-13T11:58:33.000
Redhold,Sable antelope,"Heron, green-backed",2019-02-07T22:21:03.000
Namfix,Serval,Blue racer,2018-12-05T08:53:31.000
Flowdesk,"Cormorant, great","Turkey, wild",2019-01-18T08:40:16.000
Zamit,Galapagos hawk,Pallas's fish eagle,2018-01-16T03:48:16.000
Cardguard,Amazon parrot (unidentified),"Otter, brazilian",2018-04-11T01:45:38.000
Tin,"Cat, european wild","Wallaby, dama",2018-08-18T21:32:29.000
Stronghold,Eastern quoll,"Shrike, crimson-breasted",2017-12-08T15:11:07.000
Pannier,"Cat, ringtail","Deer, roe",2017-12-10T10:11:47.000
Cardguard,"Raven, white-necked",Black-throated butcher bird,2018-01-21T00:28:28.000
Subin,"Owl, snowy","Baboon, gelada",2018-02-13T00:15:24.000
Home Ing,Southern ground hornbill,"Caiman, spectacled",2018-08-27T17:14:05.000
Treeflex,Eurasian hoopoe,White stork,2017-12-11T10:42:38.000
Solarbreeze,"Gazelle, thomson's","Rat, arboral spiny",2017-11-30T22:45:01.000
Span,"Cat, native","Marmot, hoary",2018-12-25T01:46:43.000
Sub-Ex,"Trotter, lily",Blue crane,2018-02-19T22:22:37.000
Opela,Urial,"Grebe, little",2017-10-10T03:54:50.000
Zaam-Dox,Tawny frogmouth,"Phascogale, brush-tailed",2019-03-16T22:31:07.000
Bamity,"Cockatoo, red-tailed",Tree porcupine,2018-05-03T05:02:01.000
Daltfresh,"Lion, galapagos sea","Owl, australian masked",2018-03-15T05:14:34.000
Overhold,"Nuthatch, red-breasted",Gelada baboon,2018-09-13T12:17:07.000
Tin,"Dove, ring",Greater roadrunner,2019-02-12T18:56:24.000
Asoka,"Lourie, grey",Common goldeneye,2017-12-10T00:59:37.000
Tresom,"Pie, indian tree",Sacred ibis,2018-12-02T21:43:37.000
Solarbreeze,"Phalarope, red","Wallaby, tammar",2018-10-13T19:24:21.000
It,Pied crow,Ring-necked pheasant,2018-11-24T06:27:31.000
Stronghold,"Macaque, bonnet",Malay squirrel (unidentified),2019-01-07T09:53:26.000
Y-find,"Lizard, mexican beaded",Northern fur seal,2018-05-10T18:49:53.000
Bigtax,Common rhea,"Falcon, peregrine",2018-09-12T02:27:24.000
Job,Pale-throated three-toed sloth,"Cliffchat, mocking",2018-08-21T08:56:35.000
Duobam,Squirrel glider,"Heron, goliath",2018-03-24T10:07:04.000
Zamit,Bennett's wallaby,"Glider, feathertail",2018-07-27T04:41:47.000
Prodder,"Crane, brolga","Hartebeest, red",2017-11-13T23:29:32.000
Konklab,Wild water buffalo,Red sheep,2018-11-11T07:21:30.000
Job,Great skua,"Cat, native",2017-12-18T03:19:00.000
Bytecard,White-throated robin,"Seal, common",2018-09-18T23:53:59.000
Tampflex,Grey mouse lemur,Downy woodpecker,2019-03-21T02:23:12.000
Tres-Zap,"Fox, savanna",Short-beaked echidna,2018-10-19T06:54:21.000
Bytecard,Fairy penguin,"Cormorant, large",2018-02-24T18:23:59.000
Fix San,Columbian rainbow boa,"Goose, cape barren",2018-03-05T06:43:52.000
Stim,"Kangaroo, red","Bear, grizzly",2018-06-03T22:26:07.000
Holdlamis,Common boubou shrike,"Kiskadee, great",2018-01-30T09:58:14.000
Sonsing,"Sungazer, yellow-brown","Cardinal, red-capped",2017-12-01T09:59:22.000
Tempsoft,Tiger snake,"Weaver, chestnut",2017-12-24T21:42:14.000
Holdlamis,Blue-tongued lizard,Japanese macaque,2018-01-27T00:20:51.000
Lotlux,Blue and yellow macaw,Chimpanzee,2019-02-12T16:11:43.000
Sub-Ex,"Avocet, pied","Hare, arctic",2018-10-10T13:32:32.000
Voyatouch,Asian red fox,African clawless otter,2017-12-10T04:17:32.000
Wrapsafe,"Sloth, two-toed",Arctic lemming,2018-04-06T07:13:20.000
Zathin,"Lion, south american sea",Honey badger,2017-10-09T23:18:43.000
Tin,Puku,"Lion, australian sea",2018-03-24T12:56:11.000
Job,"Tern, arctic",African jacana,2018-11-07T13:30:48.000
Pannier,Dingo,"Bird, magnificent frigate",2018-10-19T16:41:16.000
Stronghold,Darwin ground finch (unidentified),Hottentot teal,2018-08-03T02:05:33.000
Latlux,"Brocket, red","Cockatoo, red-tailed",2019-03-03T04:38:39.000
Subin,"Otter, giant",Black-tailed tree creeper,2018-03-03T21:35:32.000
Stronghold,"Alligator, mississippi",Golden eagle,2018-11-24T19:28:17.000
Greenlam,Galapagos albatross,Red-tailed phascogale,2019-01-23T15:58:45.000
Bytecard,"Falcon, peregrine",Grey fox,2018-09-26T23:55:16.000
Sonair,Brown brocket,"Bandicoot, southern brown",2018-07-03T15:44:35.000
Sonair,Galapagos hawk,"Rattlesnake, dusky",2018-03-17T03:43:33.000
Tres-Zap,Cape clawless otter,"Hyena, spotted",2017-12-26T02:14:03.000
Alpha,"Bustard, kori","Heron, yellow-crowned night",2019-01-22T17:27:26.000
Redhold,Leadbeateri's ground hornbill,"Squirrel, golden-mantled ground",2018-04-19T03:44:19.000
Alphazap,"Cormorant, large",Levaillant's barbet,2019-01-21T13:47:57.000
Rank,"Antelope, roan",Pale white-eye,2019-01-26T13:18:40.000
Daltfresh,Tammar wallaby,Desert spiny lizard,2018-11-13T21:29:34.000
Transcof,"Gnu, brindled","Wildebeest, blue",2018-03-06T07:12:05.000
Viva,"Alligator, american",Red-billed tropic bird,2019-02-19T20:37:20.000
Kanlam,Ring dove,Galah,2018-11-15T12:42:43.000
Bitchip,Painted stork,"Otter, african clawless",2018-12-12T03:01:48.000
Overhold,"Wallaby, tammar","Genet, small-spotted",2017-10-21T03:50:06.000
Andalax,"Heron, black-crowned night",Mexican boa,2018-01-18T02:40:49.000
Bamity,Gray heron,"Grouse, sage",2018-02-18T14:54:07.000
Keylex,Greylag goose,"Beaver, eurasian",2018-08-02T05:24:00.000
Overhold,"Duck, comb","Eagle, long-crested hawk",2018-05-10T02:18:19.000
Zathin,Common mynah,Kirk's dik dik,2018-09-16T20:56:04.000
Transcof,"Elephant, asian","Fowl, helmeted guinea",2019-02-12T00:04:40.000
Wrapsafe,"Whale, southern right","Hawk, ferruginous",2018-12-26T02:15:51.000
Temp,White-necked stork,"Bird, red-billed tropic",2017-10-12T16:53:00.000
Zaam-Dox,Cape raven,"Crow, american",2018-08-19T10:52:19.000
Otcom,Four-striped grass mouse,Blue-faced booby,2018-06-25T16:47:03.000
Voltsillam,Laughing dove,"Phalarope, red",2019-02-16T00:20:40.000
Temp,Spur-winged goose,"Nighthawk, common",2018-06-13T05:55:54.000
Job,"Wolf, common","Crow, pied",2018-10-25T19:49:15.000
Otcom,Prehensile-tailed porcupine,Red kangaroo,2018-08-08T00:33:46.000
Fixflex,Madagascar fruit bat,Crimson-breasted shrike,2018-07-13T09:31:40.000
Matsoft,"Gull, herring","Cockatoo, red-tailed",2018-07-03T22:57:19.000
Vagram,Kinkajou,Bobcat,2017-11-18T03:57:49.000
Sonsing,Western patch-nosed snake,"Jackal, black-backed",2018-11-26T23:57:52.000
Quo Lux,Common boubou shrike,Honey badger,2017-10-21T08:49:04.000
Alpha,Common dolphin,"Lion, steller sea",2018-07-27T07:44:36.000
Span,Large-eared bushbaby,Tawny frogmouth,2018-04-22T04:00:15.000
Alpha,Lesser double-collared sunbird,"Barbet, black-collared",2019-02-18T12:01:00.000
Viva,Black and white colobus,"Bulbul, black-fronted",2019-01-11T20:48:42.000
Redhold,Tawny frogmouth,Lesser flamingo,2018-01-10T19:13:07.000
Namfix,"Cockatoo, red-tailed",Four-horned antelope,2018-09-08T16:08:20.000
Viva,Common mynah,Stanley bustard,2019-02-22T20:28:52.000
Bamity,African jacana,American beaver,2019-03-12T13:34:51.000
Home Ing,"Anteater, giant",Yellow-billed hornbill,2018-09-16T18:23:43.000
Fintone,Common grenadier,"Cliffchat, mocking",2017-11-24T22:30:18.000
Stringtough,"Starling, cape",Common langur,2018-08-21T11:49:14.000
Bytecard,Crested porcupine,Honey badger,2018-03-09T11:27:54.000
Redhold,Chilean flamingo,"Deer, black-tailed",2018-11-13T11:39:06.000
Home Ing,White-browed owl,Common pheasant,2017-12-17T20:39:51.000
Greenlam,"Parrot, hawk-headed",Woylie,2018-08-06T12:26:05.000
Bitchip,"Dog, african wild","Squirrel, antelope ground",2019-01-27T23:29:48.000
Toughjoyfax,Long-nosed bandicoot,Tayra,2017-10-18T15:49:37.000
Matsoft,Crowned hawk-eagle,"Cat, jungle",2018-01-07T02:46:45.000
Redhold,"Racer, blue","Buffalo, wild water",2018-10-12T02:20:59.000
Regrant,African porcupine,White-nosed coatimundi,2018-08-29T01:45:50.000
Konklux,Puna ibis,Red-shouldered glossy starling,2019-02-04T04:53:12.000
Opela,Common zebra,Chilean flamingo,2018-01-09T22:33:10.000
